{"cameraMode":{"drawMode":0,"name":"Shaded","section":"Shading Mode"},"sceneLighting":true,"audioPlay":false,"sceneViewState":{"m_AlwaysRefresh":false,"showFog":true,"showSkybox":true,"showFlares":true,"showImageEffects":true,"showParticleSystems":true,"showVisualEffectGraphs":true,"m_FxEnabled":true},"in2DMode":false,"pivot":{"x":1.5933650732040406,"y":1.2376909255981446,"z":-1.4154795408248902},"rotation":{"x":0.2800411880016327,"y":0.3714136779308319,"z":-0.11856459826231003,"w":0.8772521615028381},"size":7.366214752197266,"orthographic":true}